<xml xmlns="http://www.w3.org/1999/xhtml"><block type="factory_base" id="ndCC)aNDcOwPDZI3nh(#" deletable="false" movable="false" x="10" y="10">
    <mutation connections="BOTH"></mutation>
    <field name="NAME">time_delay</field>
    <field name="INLINE">INT</field>
    <field name="CONNECTIONS">BOTH</field>
    <statement name="INPUTS">
      <block type="input_value" id="!5/nZuh|Wlt.mH5-aJ,N">
        <field name="INPUTNAME">delay</field>
        <field name="ALIGN">LEFT</field>
        <statement name="FIELDS">
          <block type="field_static" id="F@mdlvw7rG-Vqu~^bu%Z">
            <field name="TEXT">delay</field>
          </block>
        </statement>
        <value name="TYPE">
          <shadow type="type_null" id="?L3:9?+cjIt^vTus1oHq"></shadow>
          <block type="type_number" id="ekqTv[UL=%aR`S#0Xj}W"></block>
        </value>
        <next>
          <block type="input_dummy" id="?yM.,hd?oKe26/Z-ndV,">
            <field name="ALIGN">LEFT</field>
            <statement name="FIELDS">
              <block type="field_static" id="-6v6r$RJ)j5Z]t;%Xo5/">
                <field name="TEXT">millisecond</field>
              </block>
            </statement>
          </block>
        </next>
      </block>
    </statement>
    <value name="TOOLTIP">
      <block type="text" id="9F]INj{VhLq?NzSbJAG|" deletable="false" movable="false">
        <field name="TEXT">pause running program for awhile</field>
      </block>
    </value>
    <value name="HELPURL">
      <block type="text" id="@FA|sp~-{:Q/N+~cwZ^C" deletable="false" movable="false">
        <field name="TEXT"></field>
      </block>
    </value>
    <value name="TOPTYPE">
      <shadow type="type_null" id="CYVlEPah**n=8%64]/Qq"></shadow>
    </value>
    <value name="BOTTOMTYPE">
      <shadow type="type_null" id="T|$OUt!]zZ,4@;gwG/?2"></shadow>
    </value>
    <value name="COLOUR">
      <block type="colour_hue" id="3n!.BA@QXxcabQ9`?,vs">
        <mutation colour="#a55b5b"></mutation>
        <field name="HUE">0</field>
      </block>
    </value>
  </block><block type="factory_base" id="E%dR+FKKw(5I8IvE,$gD" deletable="false" movable="false" x="10" y="10">
    <mutation connections="BOTH"></mutation>
    <field name="NAME">time_wait_btn_press</field>
    <field name="INLINE">INT</field>
    <field name="CONNECTIONS">BOTH</field>
    <statement name="INPUTS">
      <block type="input_dummy" id="o`_:YI3-[ShAU1q(YM.j">
        <field name="ALIGN">LEFT</field>
        <statement name="FIELDS">
          <block type="field_static" id="9d6(vx}sJhE*`TW*vjtC">
            <field name="TEXT">wait button</field>
            <next>
              <block type="field_dropdown" id="4a!_W/9t},nk8zU{|x/1">
                <mutation options="[&quot;text&quot;,&quot;text&quot;]"></mutation>
                <field name="FIELDNAME">NAME</field>
                <field name="USER0">button_1</field>
                <field name="CPU0">14</field>
                <field name="USER1">button_2</field>
                <field name="CPU1">27</field>
                <next>
                  <block type="field_static" id="zqy=+-s?A-=nfm{=210z">
                    <field name="TEXT">press</field>
                  </block>
                </next>
              </block>
            </next>
          </block>
        </statement>
      </block>
    </statement>
    <value name="TOOLTIP">
      <block type="text" id="xr,mHfxnFS??4iYcfdBF" deletable="false" movable="false">
        <field name="TEXT">waiting for button pressed</field>
      </block>
    </value>
    <value name="HELPURL">
      <block type="text" id="1B#/,oBc!)ZPLT*=STyM" deletable="false" movable="false">
        <field name="TEXT"></field>
      </block>
    </value>
    <value name="TOPTYPE">
      <shadow type="type_null" id="BY;lS8kVKI$=0c2BfUiZ"></shadow>
    </value>
    <value name="BOTTOMTYPE">
      <shadow type="type_null" id="q:)PTw(1DV_(ES+Xb4U["></shadow>
    </value>
    <value name="COLOUR">
      <block type="colour_hue" id="s@I?u:YAP{f(`2G84OTL">
        <mutation colour="#a55b5b"></mutation>
        <field name="HUE">0</field>
      </block>
    </value>
  </block><block type="factory_base" id="vj|:AS5W;c}J*)op-B][" deletable="false" movable="false" x="10" y="10">
    <mutation connections="BOTH"></mutation>
    <field name="NAME">time_sync</field>
    <field name="INLINE">INT</field>
    <field name="CONNECTIONS">BOTH</field>
    <statement name="INPUTS">
      <block type="input_dummy" id="K28~7;v|A=[VhKRbil1[">
        <field name="ALIGN">LEFT</field>
        <statement name="FIELDS">
          <block type="field_image" id="Z2U(;qz:V./a(z8^bwg9">
            <field name="SRC">https://www.gstatic.com/codesite/ph/images/star_on.gif</field>
            <field name="WIDTH">15</field>
            <field name="HEIGHT">15</field>
            <field name="ALT">*</field>
            <field name="FLIP_RTL">FALSE</field>
            <next>
              <block type="field_static" id="8r$U?Kzd;_2Px;Yuwo=E">
                <field name="TEXT">sync internet time</field>
              </block>
            </next>
          </block>
        </statement>
      </block>
    </statement>
    <value name="TOOLTIP">
      <block type="text" id="yMv5p-Vo7`DoZb{6dM9Y" deletable="false" movable="false">
        <field name="TEXT">sync time from internet (wifi needed)</field>
      </block>
    </value>
    <value name="HELPURL">
      <block type="text" id="%Yk,pOpEvS{^M=*TXvEF" deletable="false" movable="false">
        <field name="TEXT"></field>
      </block>
    </value>
    <value name="TOPTYPE">
      <shadow type="type_null" id="upi:_c)(:@W!|=cv)49F"></shadow>
    </value>
    <value name="BOTTOMTYPE">
      <shadow type="type_null" id="]u*yCXV5qB%0~8ExO2jd"></shadow>
    </value>
    <value name="COLOUR">
      <block type="colour_hue" id="A_~19rC*MNf[^-lP3_3e">
        <mutation colour="#a55b5b"></mutation>
        <field name="HUE">0</field>
      </block>
    </value>
  </block><block type="factory_base" id="[sO7z646/s0CR_[X/j*e" deletable="false" movable="false" x="10" y="10">
    <mutation connections="LEFT"></mutation>
    <field name="NAME">time_get_year</field>
    <field name="INLINE">INT</field>
    <field name="CONNECTIONS">LEFT</field>
    <statement name="INPUTS">
      <block type="input_dummy" id="x7U,{i]Xvd=w,)aQ0~/O">
        <field name="ALIGN">LEFT</field>
        <statement name="FIELDS">
          <block type="field_static" id="sJE3W-335%-w4_{U5%Rn">
            <field name="TEXT">get year</field>
          </block>
        </statement>
      </block>
    </statement>
    <value name="TOOLTIP">
      <block type="text" id="ifcPwGSp|2}S;fJpXw3?" deletable="false" movable="false">
        <field name="TEXT">get now year</field>
      </block>
    </value>
    <value name="HELPURL">
      <block type="text" id="hfm*l:AFHeOpuNCc-Oq#" deletable="false" movable="false">
        <field name="TEXT"></field>
      </block>
    </value>
    <value name="OUTPUTTYPE">
      <shadow type="type_null" id="g/g]b2DiE`Cmy[/pAdwO"></shadow>
      <block type="type_number" id="|3z@?5HA3KXKXB2aKUzW"></block>
    </value>
    <value name="COLOUR">
      <block type="colour_hue" id="_ex6q.eLSHd9EgO$:KbK">
        <mutation colour="#a55b5b"></mutation>
        <field name="HUE">0</field>
      </block>
    </value>
  </block><block type="factory_base" id="ToHa`L.Pd*hrCaS-JZ!I" deletable="false" movable="false" x="10" y="10">
    <mutation connections="LEFT"></mutation>
    <field name="NAME">time_get_month</field>
    <field name="INLINE">INT</field>
    <field name="CONNECTIONS">LEFT</field>
    <statement name="INPUTS">
      <block type="input_dummy" id="x7U,{i]Xvd=w,)aQ0~/O">
        <field name="ALIGN">LEFT</field>
        <statement name="FIELDS">
          <block type="field_static" id="sJE3W-335%-w4_{U5%Rn">
            <field name="TEXT">get month</field>
          </block>
        </statement>
      </block>
    </statement>
    <value name="TOOLTIP">
      <block type="text" id="HxKHsqMXV4rd^$rDt6:I" deletable="false" movable="false">
        <field name="TEXT">get now month (1-12)</field>
      </block>
    </value>
    <value name="HELPURL">
      <block type="text" id="(r=7W:.jb/jx=%7.D}lD" deletable="false" movable="false">
        <field name="TEXT"></field>
      </block>
    </value>
    <value name="OUTPUTTYPE">
      <shadow type="type_null" id="p!-w9SoDd|xrKHU?vkkN"></shadow>
      <block type="type_number" id="6V!Bf$47!xC-)la7`t*["></block>
    </value>
    <value name="COLOUR">
      <block type="colour_hue" id="+yt;HJyR=-b5!NX9s9Sf">
        <mutation colour="#a55b5b"></mutation>
        <field name="HUE">0</field>
      </block>
    </value>
  </block><block type="factory_base" id="Pd9P*pLFg@Buji1uF1Ix" deletable="false" movable="false" x="10" y="10">
    <mutation connections="LEFT"></mutation>
    <field name="NAME">time_get_day</field>
    <field name="INLINE">INT</field>
    <field name="CONNECTIONS">LEFT</field>
    <statement name="INPUTS">
      <block type="input_dummy" id="x7U,{i]Xvd=w,)aQ0~/O">
        <field name="ALIGN">LEFT</field>
        <statement name="FIELDS">
          <block type="field_static" id="sJE3W-335%-w4_{U5%Rn">
            <field name="TEXT">get day of month</field>
          </block>
        </statement>
      </block>
    </statement>
    <value name="TOOLTIP">
      <block type="text" id="UHi~ykXK%@s]brfOiBj#" deletable="false" movable="false">
        <field name="TEXT">get day of month (1-31)</field>
      </block>
    </value>
    <value name="HELPURL">
      <block type="text" id="pKTqGJP_8F=[|GD=i5k2" deletable="false" movable="false">
        <field name="TEXT"></field>
      </block>
    </value>
    <value name="OUTPUTTYPE">
      <shadow type="type_null" id="aBM*4)(z/)+ko7poPYXb"></shadow>
      <block type="type_number" id="4Yut)a|$vIf4+bM_o0^O"></block>
    </value>
    <value name="COLOUR">
      <block type="colour_hue" id="CJseCUZ14BeKq_ZB]drz">
        <mutation colour="#a55b5b"></mutation>
        <field name="HUE">0</field>
      </block>
    </value>
  </block><block type="factory_base" id="W?rfHI.,yeqF,O)X9os#" deletable="false" movable="false" x="10" y="10">
    <mutation connections="LEFT"></mutation>
    <field name="NAME">time_get_day_of_week</field>
    <field name="INLINE">INT</field>
    <field name="CONNECTIONS">LEFT</field>
    <statement name="INPUTS">
      <block type="input_dummy" id="x7U,{i]Xvd=w,)aQ0~/O">
        <field name="ALIGN">LEFT</field>
        <statement name="FIELDS">
          <block type="field_static" id="sJE3W-335%-w4_{U5%Rn">
            <field name="TEXT">get day of week</field>
          </block>
        </statement>
      </block>
    </statement>
    <value name="TOOLTIP">
      <block type="text" id="$vI~-/QrDw(Ih3`BiBY1" deletable="false" movable="false">
        <field name="TEXT">get day of week (Sunday = 0 , Monday = 1 , ... , Saturday = 6)</field>
      </block>
    </value>
    <value name="HELPURL">
      <block type="text" id="y$reB2tSOOtL%30cF;|T" deletable="false" movable="false">
        <field name="TEXT"></field>
      </block>
    </value>
    <value name="OUTPUTTYPE">
      <shadow type="type_null" id="dWVo6-?a6WzpkQ~YLu)r"></shadow>
      <block type="type_number" id="sZz`$[JfJbo4d(jD$b$r"></block>
    </value>
    <value name="COLOUR">
      <block type="colour_hue" id="7:AYPq=L|yM7G?E}d`N5">
        <mutation colour="#a55b5b"></mutation>
        <field name="HUE">0</field>
      </block>
    </value>
  </block><block type="factory_base" id="sR!!e9Wxm@JM^XkSe.@h" deletable="false" movable="false" x="10" y="10">
    <mutation connections="LEFT"></mutation>
    <field name="NAME">time_get_hour</field>
    <field name="INLINE">INT</field>
    <field name="CONNECTIONS">LEFT</field>
    <statement name="INPUTS">
      <block type="input_dummy" id="x7U,{i]Xvd=w,)aQ0~/O">
        <field name="ALIGN">LEFT</field>
        <statement name="FIELDS">
          <block type="field_static" id="sJE3W-335%-w4_{U5%Rn">
            <field name="TEXT">get hour</field>
          </block>
        </statement>
      </block>
    </statement>
    <value name="TOOLTIP">
      <block type="text" id="Qu%iBrR]Q!T!1cbt3qa-" deletable="false" movable="false">
        <field name="TEXT">get hour of day (0-23)</field>
      </block>
    </value>
    <value name="HELPURL">
      <block type="text" id="hKS(J:4^Db`_P!cc^Qt." deletable="false" movable="false">
        <field name="TEXT"></field>
      </block>
    </value>
    <value name="OUTPUTTYPE">
      <shadow type="type_null" id="0K]}zMjvff^!a(YSY[]`"></shadow>
      <block type="type_number" id=".V-~^yD#+|f)5=@)3[2."></block>
    </value>
    <value name="COLOUR">
      <block type="colour_hue" id="F}yfxJ9fYPaNF4SU/AIQ">
        <mutation colour="#a55b5b"></mutation>
        <field name="HUE">0</field>
      </block>
    </value>
  </block><block type="factory_base" id="MF=NA7/t47Q!|]zvMXUS" deletable="false" movable="false" x="10" y="10">
    <mutation connections="LEFT"></mutation>
    <field name="NAME">time_get_minute</field>
    <field name="INLINE">INT</field>
    <field name="CONNECTIONS">LEFT</field>
    <statement name="INPUTS">
      <block type="input_dummy" id="x7U,{i]Xvd=w,)aQ0~/O">
        <field name="ALIGN">LEFT</field>
        <statement name="FIELDS">
          <block type="field_static" id="sJE3W-335%-w4_{U5%Rn">
            <field name="TEXT">get minute</field>
          </block>
        </statement>
      </block>
    </statement>
    <value name="TOOLTIP">
      <block type="text" id="Tp2llNt(9dP6t9zTby[Q" deletable="false" movable="false">
        <field name="TEXT">get minute of now hour 0-59</field>
      </block>
    </value>
    <value name="HELPURL">
      <block type="text" id="gm#Lu1,n1xaiW]=|AOp/" deletable="false" movable="false">
        <field name="TEXT"></field>
      </block>
    </value>
    <value name="OUTPUTTYPE">
      <shadow type="type_null" id="?l;a+$l#k_u[rOlpK%u3"></shadow>
      <block type="type_number" id="):z:U6,E}`,{7k^_3e^w"></block>
    </value>
    <value name="COLOUR">
      <block type="colour_hue" id="2d2r9`n;Y}dpgFs;CzgV">
        <mutation colour="#a55b5b"></mutation>
        <field name="HUE">0</field>
      </block>
    </value>
  </block><block type="factory_base" id="s5(dGGVm`f3jbm%@M/}A" deletable="false" movable="false" x="10" y="10">
    <mutation connections="LEFT"></mutation>
    <field name="NAME">time_get_second</field>
    <field name="INLINE">INT</field>
    <field name="CONNECTIONS">LEFT</field>
    <statement name="INPUTS">
      <block type="input_dummy" id="x7U,{i]Xvd=w,)aQ0~/O">
        <field name="ALIGN">LEFT</field>
        <statement name="FIELDS">
          <block type="field_static" id="sJE3W-335%-w4_{U5%Rn">
            <field name="TEXT">get second</field>
          </block>
        </statement>
      </block>
    </statement>
    <value name="TOOLTIP">
      <block type="text" id="Hm[_i$,C@#*@d8=Iz:{7" deletable="false" movable="false">
        <field name="TEXT">get now second 0-59</field>
      </block>
    </value>
    <value name="HELPURL">
      <block type="text" id="5ba{x$U3!cJ{CXKc:30@" deletable="false" movable="false">
        <field name="TEXT"></field>
      </block>
    </value>
    <value name="OUTPUTTYPE">
      <shadow type="type_null" id=",(#^NtSvPh#Pj5.j{TB$"></shadow>
      <block type="type_number" id="ntenYQ]slvBW%CH)T84A"></block>
    </value>
    <value name="COLOUR">
      <block type="colour_hue" id="lb.x0H,MxO/YcoV#(Iih">
        <mutation colour="#a55b5b"></mutation>
        <field name="HUE">0</field>
      </block>
    </value>
  </block><block type="factory_base" id="J%,k+9]7^^;JK5:pS_WH" deletable="false" movable="false" x="10" y="10">
    <mutation connections="LEFT"></mutation>
    <field name="NAME">time_millis</field>
    <field name="INLINE">INT</field>
    <field name="CONNECTIONS">LEFT</field>
    <statement name="INPUTS">
      <block type="input_dummy" id="x7U,{i]Xvd=w,)aQ0~/O">
        <field name="ALIGN">LEFT</field>
        <statement name="FIELDS">
          <block type="field_static" id="sJE3W-335%-w4_{U5%Rn">
            <field name="TEXT">timestamp millisecond</field>
          </block>
        </statement>
      </block>
    </statement>
    <value name="TOOLTIP">
      <block type="text" id="YvLkSgR[03*WXS4~YX87" deletable="false" movable="false">
        <field name="TEXT">get time since program start in millisecond</field>
      </block>
    </value>
    <value name="HELPURL">
      <block type="text" id="8Lk,TqLTL[4[US`s?0yE" deletable="false" movable="false">
        <field name="TEXT"></field>
      </block>
    </value>
    <value name="OUTPUTTYPE">
      <shadow type="type_null" id="@tlXuC=@I_kdDe~{[/tg"></shadow>
      <block type="type_number" id="aEv4n04}r;)YvNVkq_eq"></block>
    </value>
    <value name="COLOUR">
      <block type="colour_hue" id=";rZeHSDU41zqzl,cu?E)">
        <mutation colour="#a55b5b"></mutation>
        <field name="HUE">0</field>
      </block>
    </value>
  </block><block type="factory_base" id="V9H+i=1k=Re2LEBtg)AI" deletable="false" movable="false" x="10" y="10">
    <mutation connections="LEFT"></mutation>
    <field name="NAME">time_micros</field>
    <field name="INLINE">INT</field>
    <field name="CONNECTIONS">LEFT</field>
    <statement name="INPUTS">
      <block type="input_dummy" id="x7U,{i]Xvd=w,)aQ0~/O">
        <field name="ALIGN">LEFT</field>
        <statement name="FIELDS">
          <block type="field_static" id="sJE3W-335%-w4_{U5%Rn">
            <field name="TEXT">timestamp microsecond</field>
          </block>
        </statement>
      </block>
    </statement>
    <value name="TOOLTIP">
      <block type="text" id="%;WWOLi/@}3dUq$Y^|WV" deletable="false" movable="false">
        <field name="TEXT">get time since program start in microsecond</field>
      </block>
    </value>
    <value name="HELPURL">
      <block type="text" id="18Hr)c8g02)LMj_k]6Us" deletable="false" movable="false">
        <field name="TEXT"></field>
      </block>
    </value>
    <value name="OUTPUTTYPE">
      <shadow type="type_null" id="5$XUldk0KC[o@h[A%Z:_"></shadow>
      <block type="type_number" id=",UeCL}$QhAwEr;3Qb=DL"></block>
    </value>
    <value name="COLOUR">
      <block type="colour_hue" id="JoUz7QDsrK`-PbmMy7?a">
        <mutation colour="#a55b5b"></mutation>
        <field name="HUE">0</field>
      </block>
    </value>
  </block></xml>