{
  "name": "puppybot7",
  "platform": "arduino-rp2350",
  "build": {
    "arch": "RP2350B",
    "cpu": "cortex-m33",
    "mcu": "rp2350B",
    "variant": "puppybot7",
    "cpu_clock": "150000000L",
    "f_cpu": "150000000L",
    "flash_total": "4194304",
    "flash_length": "4186112",
    "ram_length": "524288",
    "eeprom_start": "272621568",
    "fs_start": "272621568",
    "fs_end": "272621568",
    "usbvid": "-DUSBD_VID=0x2e8a",
    "usbpid": "-DUSBD_PID=0x000a",
    "usbpwr": "-DUSBD_MAX_POWER_MA=250",
    "usb_manufacturer": "-DUSB_MANUFACTURER=\\\"puppybot7\\\"",
    "usb_product": "-DUSB_PRODUCT=\\\"puppybot7\\\"",
    "boot2": "boot2_w25q64jv_4_padded_checksum",
    "libpico": "libpico.a",
    "libipv4": "libipv4.a",
    "libbearssl": "libbearssl.a",
    "arduino_version": 10607
  }
}
